{"accuracy": [0.12563775479793549], "loss": [3.424926519393921]}